{"cameraMode":{"drawMode":0,"name":"Shaded","section":"Shading Mode"},"sceneLighting":true,"audioPlay":false,"sceneViewState":{"showFog":true,"showMaterialUpdate":false,"showSkybox":true,"showFlares":true,"showImageEffects":true,"showParticleSystems":true},"in2DMode":false,"pivot":{"x":-2.52095103263855,"y":-2.240212917327881,"z":5.310138702392578},"rotation":{"x":0.315151184797287,"y":-0.6451050043106079,"z":0.3324209153652191,"w":0.6115942597389221},"size":3.8926045894622804,"orthographic":false}