{"cameraMode":{"drawMode":0,"name":"Shaded","section":"Shading Mode"},"sceneLighting":true,"audioPlay":false,"sceneViewState":{"showFog":true,"showMaterialUpdate":false,"showSkybox":true,"showFlares":true,"showImageEffects":true,"showParticleSystems":true},"in2DMode":false,"pivot":{"x":1.8210372924804688,"y":-0.29217529296875,"z":-6.466773986816406},"rotation":{"x":0.14686931669712068,"y":0.7161951661109924,"z":-0.15850897133350373,"w":0.6636033058166504},"size":9.053092002868653,"orthographic":false}