{"cameraMode":{"drawMode":0,"name":"Shaded","section":"Shading Mode"},"sceneLighting":true,"audioPlay":false,"sceneViewState":{"showFog":true,"showMaterialUpdate":false,"showSkybox":true,"showFlares":true,"showImageEffects":true,"showParticleSystems":true},"in2DMode":false,"pivot":{"x":235.25735473632813,"y":-8.651622772216797,"z":53.17532730102539},"rotation":{"x":-0.1377982348203659,"y":0.031785305589437488,"z":-0.0044244821183383469,"w":-0.9899412989616394},"size":223.52503967285157,"orthographic":false}